{
  "best_reward": -4.6674957275390625,
  "final_nodes": 10001,
  "final_depth": 12,
  "final_branching_factor": 1.7464198393293748,
  "iterations": 10000,
  "c_exploration": 1.0,
  "n_rollouts": 32,
  "C_pw": 1.0,
  "alpha": 0.15,
  "bits": 4,
  "height": 4,
  "CC": 32,
  "n_actions": 66,
  "elapsed_time_s": 260.12
}